<?xml version="1.0" encoding="UTF-8"?>
<project-private xmlns="http://www.netbeans.org/ns/project-private/1">
    <editor-bookmarks xmlns="http://www.netbeans.org/ns/editor-bookmarks/2" lastBookmarkId="0"/>
    <open-files xmlns="http://www.netbeans.org/ns/projectui-open-files/2">
        <group>
            <file>file:/home/dav_o/NetBeansProjects/Wormi-Master/public_html/index.js</file>
            <file>file:/home/dav_o/NetBeansProjects/Wormi-Master/public_html/movement_middleware.js</file>
            <file>file:/home/dav_o/NetBeansProjects/Wormi-Master/public_html/index.html</file>
            <file>file:/home/dav_o/NetBeansProjects/Wormi-Master/public_html/ball.js</file>
            <file>file:/home/dav_o/NetBeansProjects/Wormi-Master/public_html/estilo.css</file>
            <file>file:/home/dav_o/NetBeansProjects/Wormi-Master/public_html/baller.js</file>
        </group>
    </open-files>
</project-private>
